18,24,Dalby Avenue
19,24,Dalby Avenue
19,24,Dalby Avenue
20,24,Dalby Avenue
20,24,Dalby Avenue
20,25,Dalby Avenue
20,26,Dalby Avenue
20,26,Dalby Avenue
21,27,Dalby Avenue
22,28,Dalby Avenue
22,28,Dalby Avenue
23,29,Dalby Avenue
23,29,Dalby Avenue
24,30,Dalby Avenue
24,30,Dalby Avenue
24,31,Dalby Avenue
24,31,Dalby Avenue
25,31,Dalby Avenue
25,31,Dalby Avenue
25,32,Dalby Avenue
25,32,Dalby Avenue
26,32,Dalby Avenue
26,32,Dalby Avenue
26,32,Dalby Avenue
27,32,Dalby Avenue
27,32,Dalby Avenue
28,32,Dalby Avenue
28,32,Dalby Avenue
29,32,Dalby Avenue
30,31,Dalby Avenue
30,31,Dalby Avenue
31,30,Dalby Avenue
31,30,Dalby Avenue
31,29,Dalby Avenue
31,29,Dalby Avenue
31,28,Dalby Avenue
32,27,Dalby Avenue
32,27,Dalby Avenue
33,26,Dalby Avenue
19,82,Windmill Close
20,82,Windmill Close
21,82,Windmill Close
22,82,Windmill Close
23,82,Windmill Close
24,82,Windmill Close
24,82,Windmill Close
7,82,New Queen Street
8,82,New Queen Street
9,82,New Queen Street
10,82,New Queen Street
11,82,New Queen Street
12,82,New Queen Street
13,82,New Queen Street
14,82,New Queen Street
15,82,New Queen Street
16,82,New Queen Street
16,82,New Queen Street
16,82,New Queen Street
17,82,New Queen Street
18,82,New Queen Street
18,82,New Queen Street
18,82,New Queen Street
3,82,Princess Street
4,82,Princess Street
5,82,Princess Street
5,82,Princess Street
6,82,Princess Street
7,82,Princess Street
7,82,Princess Street
7,82,Princess Street
7,82,Sargent Street
6,82,Sargent Street
6,82,Sargent Street
5,82,Sargent Street
1,82,Willway Street
2,82,Willway Street
3,82,Willway Street
4,82,Willway Street
5,82,Willway Street
5,82,Willway Street
6,82,Willway Street
7,82,Willway Street
8,82,Willway Street
9,82,Willway Street
9,82,Willway Street
9,82,Willway Street
10,82,Willway Street
11,82,Willway Street
12,82,Willway Street
13,82,Willway Street
13,82,Willway Street
14,82,Willway Street
14,82,Willway Street
14,82,Willway Street
14,82,Willway Street
14,82,Willway Street
14,82,Willway Street
14,82,Willway Street
14,81,Willway Street
13,80,Willway Street
13,79,Willway Street
13,78,Willway Street
13,77,Willway Street
12,76,Willway Street
12,75,Willway Street
12,74,Willway Street
12,73,Willway Street
11,72,Willway Street
11,71,Willway Street
11,70,Willway Street
11,69,Willway Street
10,68,Willway Street
10,67,Willway Street
10,66,Willway Street
10,65,Willway Street
9,64,Willway Street
9,63,Willway Street
1,82,Whitehouse Street
1,82,Whitehouse Street
1,82,Whitehouse Street
1,82,Whitehouse Street
1,82,Whitehouse Street
2,82,Whitehouse Street
3,82,Whitehouse Street
4,82,Whitehouse Street
5,82,Whitehouse Street
6,82,Whitehouse Street
7,82,Whitehouse Street
7,82,Whitehouse Street
8,82,Whitehouse Street
8,82,Whitehouse Street
9,82,Whitehouse Street
9,82,Whitehouse Street
10,82,Whitehouse Street
11,82,Whitehouse Street
12,82,Whitehouse Street
13,82,Whitehouse Street
14,82,Whitehouse Street
15,82,Whitehouse Street
16,82,Whitehouse Street
17,82,Whitehouse Street
17,82,Whitehouse Street
18,82,Whitehouse Street
22,82,Philip Street
21,82,Philip Street
21,82,Philip Street
21,81,Philip Street
20,80,Philip Street
20,79,Philip Street
19,78,Philip Street
19,77,Philip Street
18,76,Philip Street
18,75,Philip Street
17,74,Philip Street
17,73,Philip Street
16,72,Philip Street
16,72,Philip Street
16,71,Philip Street
15,70,Philip Street
15,69,Philip Street
15,68,Philip Street
15,67,Philip Street
14,66,Philip Street
14,65,Philip Street
14,64,Philip Street
13,63,Philip Street
13,62,Philip Street
13,61,Philip Street
13,60,Philip Street
12,59,Philip Street
12,58,Philip Street
12,58,Philip Street
12,58,Philip Street
12,57,Philip Street
12,56,Philip Street
11,55,Philip Street
11,54,Philip Street
11,53,Philip Street
11,52,Philip Street
10,51,Philip Street
10,50,Philip Street
10,49,Philip Street
10,49,Philip Street
10,48,Philip Street
9,47,Philip Street
9,46,Philip Street
8,45,Philip Street
8,44,Philip Street
9,63,Stillhouse Lane
9,63,Stillhouse Lane
8,64,Stillhouse Lane
8,65,Stillhouse Lane
7,66,Stillhouse Lane
7,66,Stillhouse Lane
6,67,Stillhouse Lane
6,68,Stillhouse Lane
5,69,Stillhouse Lane
5,70,Stillhouse Lane
4,71,Stillhouse Lane
4,72,Stillhouse Lane
3,73,Stillhouse Lane
3,73,Stillhouse Lane
2,74,Stillhouse Lane
2,75,Stillhouse Lane
1,76,Stillhouse Lane
1,76,Stillhouse Lane
1,77,Stillhouse Lane
1,78,Stillhouse Lane
1,79,Stillhouse Lane
10,49,Bartley Street
11,48,Bartley Street
11,47,Bartley Street
12,46,Bartley Street
12,45,Bartley Street
13,44,Bartley Street
13,43,Bartley Street
14,42,Bartley Street
14,42,Bartley Street
14,43,Bartley Street
15,44,Bartley Street
15,44,Bartley Street
16,43,Bartley Street
17,43,Bartley Street
18,42,Bartley Street
19,41,Bartley Street
19,41,Bartley Street
19,40,Bartley Street
19,39,Bartley Street
19,38,Bartley Street
19,37,Bartley Street
18,36,Bartley Street
18,35,Bartley Street
18,34,Bartley Street
18,33,Bartley Street
18,32,Bartley Street
12,58,Clarke Street
12,57,Clarke Street
13,56,Clarke Street
13,55,Clarke Street
14,54,Clarke Street
14,53,Clarke Street
15,52,Clarke Street
15,51,Clarke Street
16,50,Clarke Street
16,50,Clarke Street
16,50,Clarke Street
16,49,Clarke Street
16,48,Clarke Street
16,47,Clarke Street
15,46,Clarke Street
15,45,Clarke Street
15,44,Clarke Street
1,67,New Charlotte Street
1,66,New Charlotte Street
1,65,New Charlotte Street
1,64,New Charlotte Street
1,63,New Charlotte Street
1,62,New Charlotte Street
1,61,New Charlotte Street
1,60,New Charlotte Street
1,60,New Charlotte Street
1,59,New Charlotte Street
1,58,New Charlotte Street
1,57,New Charlotte Street
1,57,New Charlotte Street
1,56,New Charlotte Street
1,55,New Charlotte Street
1,54,New Charlotte Street
1,53,New Charlotte Street
1,52,New Charlotte Street
1,51,New Charlotte Street
1,51,New Charlotte Street
1,50,New Charlotte Street
1,49,New Charlotte Street
1,48,New Charlotte Street
1,47,New Charlotte Street
1,47,New Charlotte Street
1,46,New Charlotte Street
1,46,New Charlotte Street
1,45,New Charlotte Street
1,44,New Charlotte Street
1,44,New Charlotte Street
1,44,New Charlotte Street
1,44,Regent Road
1,44,Regent Road
1,45,Regent Road
1,45,Regent Road
1,46,Regent Road
2,47,Regent Road
2,48,Regent Road
2,48,Regent Road
2,48,Regent Road
2,49,Regent Road
3,50,Regent Road
3,51,Regent Road
4,52,Regent Road
4,53,Regent Road
14,1,Catherine Mead Street
14,1,Catherine Mead Street
14,1,Catherine Mead Street
14,1,Catherine Mead Street
14,1,Catherine Mead Street
14,1,Catherine Mead Street
14,1,Catherine Mead Street
14,2,Catherine Mead Street
14,3,Catherine Mead Street
14,4,Catherine Mead Street
14,5,Catherine Mead Street
14,6,Catherine Mead Street
14,7,Catherine Mead Street
14,8,Catherine Mead Street
14,8,Catherine Mead Street
14,9,Catherine Mead Street
14,10,Catherine Mead Street
14,11,Catherine Mead Street
14,12,Catherine Mead Street
14,13,Catherine Mead Street
14,13,Catherine Mead Street
14,14,Catherine Mead Street
14,14,Catherine Mead Street
14,14,Catherine Mead Street
14,15,Catherine Mead Street
14,15,Lombard Street
14,15,Lombard Street
14,16,Lombard Street
15,17,Lombard Street
15,18,Lombard Street
15,19,Lombard Street
16,20,Lombard Street
16,21,Lombard Street
16,22,Lombard Street
17,23,Lombard Street
17,24,Lombard Street
17,24,Lombard Street
18,25,Lombard Street
18,25,East Street
18,25,East Street
18,25,East Street
17,26,East Street
17,26,East Street
17,27,East Street
16,28,East Street
16,29,East Street
16,29,East Street
15,30,East Street
15,30,East Street
15,31,East Street
14,32,East Street
14,33,East Street
13,34,East Street
13,35,East Street
12,36,East Street
12,37,East Street
11,38,East Street
11,39,East Street
10,40,East Street
8,44,Bedminster Parade
7,45,Bedminster Parade
7,46,Bedminster Parade
6,47,Bedminster Parade
6,48,Bedminster Parade
5,49,Bedminster Parade
5,49,Bedminster Parade
5,50,Bedminster Parade
5,50,Bedminster Parade
5,51,Bedminster Parade
4,52,Bedminster Parade
4,53,Bedminster Parade
1,12,Dean Crescent
1,11,Dean Crescent
1,10,Dean Crescent
1,9,Dean Crescent
1,8,Dean Crescent
1,7,Dean Crescent
1,6,Dean Crescent
1,5,Dean Crescent
1,4,Dean Crescent
1,4,Dean Crescent
1,3,Dean Crescent
1,3,Dean Crescent
1,3,St Paul's Road
2,3,St Paul's Road
3,2,St Paul's Road
4,2,St Paul's Road
5,2,St Paul's Road
6,1,St Paul's Road
7,1,St Paul's Road
7,1,Brook Road
7,1,Brook Road
7,2,Brook Road
7,3,Brook Road
7,4,Brook Road
7,5,Brook Road
7,6,Brook Road
7,7,Brook Road
7,8,Brook Road
24,82,Windmill Close
23,82,Windmill Close
23,82,Windmill Close
22,82,Windmill Close
21,82,Windmill Close
21,82,Windmill Close
21,82,Windmill Close
29,1,East Street
28,1,East Street
28,1,East Street
27,1,East Street
27,1,East Street
26,1,East Street
26,1,East Street
25,1,East Street
24,1,East Street
24,1,East Street
23,2,East Street
23,2,East Street
23,3,East Street
23,4,East Street
23,4,East Street
23,5,East Street
22,6,East Street
22,6,East Street
22,7,East Street
22,8,East Street
22,9,East Street
21,10,East Street
21,11,East Street
21,12,East Street
21,12,East Street
21,13,East Street
20,14,East Street
20,14,East Street
20,15,East Street
20,16,East Street
20,16,East Street
20,17,East Street
20,18,East Street
20,19,East Street
19,20,East Street
19,21,East Street
19,22,East Street
19,22,East Street
19,23,East Street
18,24,East Street
18,24,East Street
18,25,East Street
1,14,Saint Johns Road
1,14,Saint Johns Road
1,13,Saint Johns Road
1,13,Saint Johns Road
1,12,Saint Johns Road
1,12,Saint Johns Road
1,11,Saint Johns Road
1,11,Saint Johns Road
2,11,Saint Johns Road
3,10,Saint Johns Road
4,10,Saint Johns Road
5,9,Saint Johns Road
5,9,Saint Johns Road
6,9,Saint Johns Road
7,8,Saint Johns Road
7,8,Saint Johns Road
8,8,Saint Johns Road
9,8,Saint Johns Road
9,8,Saint Johns Road
10,8,Saint Johns Road
10,8,Saint Johns Road
11,8,Saint Johns Road
11,8,Saint Johns Road
11,9,Saint Johns Road
4,53,Bedminster Parade
3,54,Bedminster Parade
3,54,Bedminster Parade
3,55,Bedminster Parade
2,56,Bedminster Parade
2,57,Bedminster Parade
2,57,Bedminster Parade
2,58,Bedminster Parade
1,59,Bedminster Parade
1,60,Bedminster Parade
1,60,Bedminster Parade
1,61,Bedminster Parade
1,62,Bedminster Parade
1,63,Bedminster Parade
1,63,Bedminster Parade
1,64,Bedminster Parade
1,65,Bedminster Parade
1,66,Bedminster Parade
1,67,Bedminster Parade
1,68,Bedminster Parade
1,69,Bedminster Parade
18,82,Whitehouse Lane
19,82,Whitehouse Lane
19,82,Whitehouse Lane
20,82,Whitehouse Lane
20,82,Whitehouse Lane
21,82,Whitehouse Lane
10,40,East Street
10,41,East Street
9,42,East Street
9,43,East Street
8,44,East Street
1,66,Bedminster Place
1,67,Bedminster Place
2,68,Bedminster Place
2,69,Bedminster Place
2,70,Bedminster Place
2,71,Bedminster Place
3,72,Bedminster Place
3,73,Bedminster Place
1,63,Bedminster Place
1,64,Bedminster Place
1,65,Bedminster Place
1,65,Bedminster Place
1,65,Bedminster Place
1,66,Bedminster Place
1,66,Bedminster Place
16,29,East Street Mews
16,30,East Street Mews
16,31,East Street Mews
16,31,East Street Mews
16,32,East Street Mews
17,33,East Street Mews
24,13,St Catherine's Place
25,14,St Catherine's Place
25,15,St Catherine's Place
26,16,St Catherine's Place
26,16,St Catherine's Place
26,16,St Catherine's Place
26,15,St Catherine's Place
27,14,St Catherine's Place
27,13,St Catherine's Place
27,12,St Catherine's Place
28,11,St Catherine's Place
28,10,St Catherine's Place
23,2,Caraboo Square
23,1,Caraboo Square
23,1,Caraboo Square
23,2,Caraboo Square
24,3,Caraboo Square
24,3,Caraboo Square
24,4,Caraboo Square
24,4,Caraboo Square
24,5,Caraboo Square
24,5,Caraboo Square
24,4,Caraboo Square
23,3,Caraboo Square
23,3,Caraboo Square
23,2,Caraboo Square
12,58,Stillhouse Lane
11,59,Stillhouse Lane
11,60,Stillhouse Lane
10,61,Stillhouse Lane
9,62,Stillhouse Lane
9,62,Stillhouse Lane
9,63,Stillhouse Lane
11,9,Lombard Street
11,10,Lombard Street
12,11,Lombard Street
12,11,Lombard Street
12,12,Lombard Street
12,13,Lombard Street
12,13,Lombard Street
13,14,Lombard Street
13,14,Lombard Street
13,14,Lombard Street
14,15,Lombard Street
21,82,Whitehouse Lane
21,82,Whitehouse Lane
22,82,Whitehouse Lane
22,82,Whitehouse Lane
22,82,Whitehouse Lane
22,81,Whitehouse Lane
23,80,Whitehouse Lane
23,79,Whitehouse Lane
23,78,Whitehouse Lane
24,77,Whitehouse Lane
24,76,Whitehouse Lane
25,75,Whitehouse Lane
25,74,Whitehouse Lane
25,73,Whitehouse Lane
26,72,Whitehouse Lane
26,71,Whitehouse Lane
26,70,Whitehouse Lane
27,69,Whitehouse Lane
27,68,Whitehouse Lane
28,67,Whitehouse Lane
28,66,Whitehouse Lane
28,66,Whitehouse Lane
28,65,Whitehouse Lane
29,64,Whitehouse Lane
29,63,Whitehouse Lane
29,62,Whitehouse Lane
29,61,Whitehouse Lane
30,60,Whitehouse Lane
30,59,Whitehouse Lane
30,59,Whitehouse Lane
30,58,Whitehouse Lane
30,57,Whitehouse Lane
31,56,Whitehouse Lane
31,55,Whitehouse Lane
31,55,Whitehouse Lane
31,54,Whitehouse Lane
31,53,Whitehouse Lane
31,53,Whitehouse Lane
31,52,Whitehouse Lane
32,51,Whitehouse Lane
32,51,Whitehouse Lane
32,50,Whitehouse Lane
32,49,Whitehouse Lane
32,48,Whitehouse Lane
33,47,Whitehouse Lane
33,46,Whitehouse Lane
33,45,Whitehouse Lane
33,45,Whitehouse Lane
33,44,Whitehouse Lane
33,43,Whitehouse Lane
33,43,Whitehouse Lane
34,42,Whitehouse Lane
34,42,Whitehouse Lane
34,41,Whitehouse Lane
34,41,Whitehouse Lane
34,40,Whitehouse Lane
34,39,Whitehouse Lane
34,38,Whitehouse Lane
34,37,Whitehouse Lane
34,36,Whitehouse Lane
34,35,Whitehouse Lane
34,35,Whitehouse Lane
34,34,Whitehouse Lane
34,33,Whitehouse Lane
34,32,Whitehouse Lane
