26,82,Bristol Bridge
25,82,Bristol Bridge
24,81,Bristol Bridge
24,81,Bristol Bridge
24,80,Bristol Bridge
23,79,Bristol Bridge
1,63,Fairfax Street
1,64,Fairfax Street
1,64,Fairfax Street
1,65,Fairfax Street
1,66,Fairfax Street
1,66,Fairfax Street
1,67,Fairfax Street
1,68,Fairfax Street
1,69,Fairfax Street
1,70,Fairfax Street
1,71,Fairfax Street
1,72,Fairfax Street
1,73,Fairfax Street
1,74,Fairfax Street
1,74,Fairfax Street
1,74,Fairfax Street
1,75,Fairfax Street
1,76,Fairfax Street
1,77,Fairfax Street
1,77,Fairfax Street
1,78,Fairfax Street
1,79,Fairfax Street
1,80,Fairfax Street
1,80,Fairfax Street
1,81,Fairfax Street
1,82,Fairfax Street
1,82,Fairfax Street
1,82,Fairfax Street
8,8,Colston Avenue
7,8,Colston Avenue
6,9,Colston Avenue
6,9,Colston Avenue
5,9,Colston Avenue
4,10,Colston Avenue
4,10,Colston Avenue
3,11,Colston Avenue
2,11,Colston Avenue
1,12,Colston Avenue
23,14,Marsh Street
23,13,Marsh Street
23,13,Marsh Street
23,13,Marsh Street
24,13,Marsh Street
24,13,Marsh Street
24,13,Marsh Street
25,13,Marsh Street
25,13,Marsh Street
26,13,Marsh Street
27,13,Marsh Street
27,35,Saint Stephen's Street
27,35,Saint Stephen's Street
26,34,Saint Stephen's Street
26,34,Saint Stephen's Street
26,34,Saint Stephen's Street
26,33,Saint Stephen's Street
25,32,Saint Stephen's Street
25,31,Saint Stephen's Street
25,31,Saint Stephen's Street
24,30,Saint Stephen's Street
24,30,Saint Stephen's Street
24,29,Saint Stephen's Street
23,28,Saint Stephen's Street
23,28,Saint Stephen's Street
23,27,Saint Stephen's Street
23,26,Saint Stephen's Street
23,26,Saint Stephen's Street
22,25,Saint Stephen's Street
22,25,Saint Stephen's Street
21,24,Saint Stephen's Street
26,1,Clare Street
26,1,Clare Street
26,2,Clare Street
25,3,Clare Street
25,4,Clare Street
25,5,Clare Street
25,6,Clare Street
24,7,Clare Street
24,8,Clare Street
24,8,Clare Street
24,9,Clare Street
24,10,Clare Street
24,11,Clare Street
23,12,Clare Street
23,13,Clare Street
23,14,Clare Street
23,55,Saint Nicholas Street
23,56,Saint Nicholas Street
23,57,Saint Nicholas Street
23,58,Saint Nicholas Street
23,59,Saint Nicholas Street
22,60,Saint Nicholas Street
22,61,Saint Nicholas Street
22,62,Saint Nicholas Street
22,63,Saint Nicholas Street
22,63,Saint Nicholas Street
22,64,Saint Nicholas Street
21,65,Saint Nicholas Street
21,66,Saint Nicholas Street
21,67,Saint Nicholas Street
21,68,Saint Nicholas Street
20,69,Saint Nicholas Street
20,70,Saint Nicholas Street
20,70,Saint Nicholas Street
20,71,Saint Nicholas Street
20,72,Saint Nicholas Street
20,72,Saint Nicholas Street
20,73,Saint Nicholas Street
1,15,Christmas Street
1,16,Christmas Street
1,17,Christmas Street
1,18,Christmas Street
1,19,Christmas Street
1,20,Christmas Street
2,21,Christmas Street
2,22,Christmas Street
2,23,Christmas Street
2,24,Christmas Street
2,25,Christmas Street
2,25,Nelson Street
2,26,Nelson Street
2,27,Nelson Street
2,28,Nelson Street
1,29,Nelson Street
1,30,Nelson Street
1,31,Nelson Street
1,31,Nelson Street
1,32,Nelson Street
1,33,Nelson Street
1,33,Nelson Street
1,34,Nelson Street
1,34,Nelson Street
1,35,Nelson Street
1,35,Nelson Street
1,36,Nelson Street
1,36,Nelson Street
1,37,Nelson Street
1,37,Nelson Street
1,38,Nelson Street
1,39,Nelson Street
1,40,Nelson Street
1,41,Nelson Street
1,42,Nelson Street
1,43,Nelson Street
1,43,Nelson Street
1,44,Nelson Street
1,45,Nelson Street
1,46,Nelson Street
1,47,Nelson Street
1,48,Nelson Street
1,49,Nelson Street
1,50,Nelson Street
1,51,Nelson Street
1,52,Nelson Street
1,52,Nelson Street
1,53,Nelson Street
1,74,The Pithay
1,73,The Pithay
1,73,The Pithay
2,73,The Pithay
3,72,The Pithay
3,72,The Pithay
4,72,The Pithay
4,72,The Pithay
5,72,The Pithay
5,72,The Pithay
6,72,The Pithay
5,82,Union Street
4,82,Union Street
3,82,Union Street
2,82,Union Street
2,82,Union Street
1,82,Union Street
1,82,Fairfax Street
1,82,Fairfax Street
1,82,Fairfax Street
1,82,Fairfax Street
1,82,Fairfax Street
1,82,Fairfax Street
1,82,Fairfax Street
1,82,Fairfax Street
1,82,Fairfax Street
20,27,Corn Street
20,28,Corn Street
20,29,Corn Street
19,30,Corn Street
19,31,Corn Street
19,32,Corn Street
19,33,Corn Street
18,34,Corn Street
18,35,Corn Street
18,35,Corn Street
18,36,Corn Street
18,36,Corn Street
18,37,Corn Street
17,38,Corn Street
17,39,Corn Street
17,40,Corn Street
17,41,Corn Street
16,42,Corn Street
16,43,Corn Street
19,25,Leonard Lane
18,24,Leonard Lane
18,24,Leonard Lane
18,24,Leonard Lane
18,23,Leonard Lane
18,23,Leonard Lane
17,22,Leonard Lane
16,21,Leonard Lane
16,21,Leonard Lane
15,20,Leonard Lane
15,20,Leonard Lane
14,19,Leonard Lane
14,19,Leonard Lane
13,19,Leonard Lane
12,19,Leonard Lane
12,19,Leonard Lane
11,19,Leonard Lane
10,19,Leonard Lane
16,45,Exchange Avenue
17,46,Exchange Avenue
17,47,Exchange Avenue
18,48,Exchange Avenue
18,48,Exchange Avenue
19,49,Exchange Avenue
19,50,Exchange Avenue
20,51,Exchange Avenue
20,51,Exchange Avenue
21,52,Exchange Avenue
21,52,Exchange Avenue
21,53,Exchange Avenue
21,53,Exchange Avenue
22,54,Exchange Avenue
22,54,Exchange Avenue
22,54,Exchange Avenue
23,55,Exchange Avenue
12,59,Corn Street
12,58,Corn Street
12,58,Corn Street
12,57,Corn Street
12,57,Corn Street
12,56,Corn Street
13,55,Corn Street
13,54,Corn Street
13,53,Corn Street
14,52,Corn Street
14,51,Corn Street
14,51,Corn Street
14,50,Corn Street
15,49,Corn Street
15,48,Corn Street
15,48,Corn Street
15,47,Corn Street
16,46,Corn Street
16,45,Corn Street
16,45,Corn Street
16,44,Corn Street
16,44,Corn Street
16,43,Corn Street
16,43,Corn Street
5,36,John Street
4,37,John Street
4,38,John Street
3,39,John Street
3,39,John Street
3,40,John Street
3,41,John Street
2,42,John Street
2,43,John Street
2,43,John Street
2,44,John Street
1,45,John Street
1,46,John Street
1,46,John Street
1,47,John Street
1,48,John Street
1,48,John Street
1,48,John Street
1,49,John Street
1,50,John Street
1,51,John Street
12,64,Broad Street
12,63,Broad Street
12,62,Broad Street
12,61,Broad Street
12,60,Broad Street
12,60,Broad Street
12,59,Broad Street
12,59,Broad Street
12,58,Broad Street
11,57,Broad Street
11,57,Broad Street
11,56,Broad Street
10,55,Broad Street
10,54,Broad Street
10,53,Broad Street
10,52,Broad Street
9,51,Broad Street
9,50,Broad Street
9,49,Broad Street
8,48,Broad Street
8,47,Broad Street
8,47,Broad Street
8,46,Broad Street
7,45,Broad Street
7,44,Broad Street
7,44,Broad Street
7,43,Broad Street
7,42,Broad Street
6,41,Broad Street
6,40,Broad Street
6,40,Broad Street
6,39,Broad Street
6,38,Broad Street
5,37,Broad Street
5,36,Broad Street
5,36,Broad Street
5,35,Broad Street
5,34,Broad Street
4,33,Broad Street
4,32,Broad Street
4,31,Broad Street
4,30,Broad Street
3,29,Broad Street
3,28,Broad Street
3,58,Newmarket Avenue
4,57,Newmarket Avenue
12,64,Wine Street
12,64,Wine Street
11,65,Wine Street
11,65,Wine Street
11,66,Wine Street
11,66,Wine Street
10,67,Wine Street
10,67,Wine Street
10,68,Wine Street
10,69,Wine Street
10,69,Wine Street
10,70,Wine Street
9,71,Wine Street
9,72,Wine Street
9,72,Wine Street
9,73,Wine Street
9,74,Wine Street
9,74,Wine Street
8,75,Wine Street
8,75,Wine Street
8,76,Wine Street
8,77,Wine Street
8,78,Wine Street
8,78,Wine Street
7,79,Wine Street
7,79,Wine Street
6,80,Wine Street
6,81,Wine Street
5,82,Wine Street
5,82,Wine Street
22,63,Saint Nicholas Steps
23,64,Saint Nicholas Steps
23,65,Saint Nicholas Steps
24,66,Saint Nicholas Steps
22,63,All Saints' Lane
22,62,All Saints' Lane
21,61,All Saints' Lane
21,61,All Saints' Lane
20,61,All Saints' Lane
20,61,All Saints' Lane
20,60,All Saints' Lane
20,60,All Saints' Lane
19,59,All Saints' Lane
19,59,All Saints' Lane
19,59,All Saints' Lane
23,78,Baldwin Street
23,77,Baldwin Street
23,76,Baldwin Street
23,76,Baldwin Street
23,75,Baldwin Street
23,75,Baldwin Street
23,74,Baldwin Street
23,73,Baldwin Street
23,72,Baldwin Street
24,71,Baldwin Street
24,70,Baldwin Street
24,69,Baldwin Street
25,54,Market Steps
24,53,Market Steps
5,72,Pithay Court
5,73,Pithay Court
5,73,Pithay Court
5,74,Pithay Court
5,75,Pithay Court
5,75,Pithay Court
5,76,Pithay Court
5,76,Pithay Court
4,77,Pithay Court
4,77,Pithay Court
4,78,Pithay Court
4,79,Pithay Court
4,79,Pithay Court
4,80,Pithay Court
4,81,Pithay Court
4,81,Pithay Court
3,82,Pithay Court
3,82,Pithay Court
3,82,Pithay Court
2,82,Pithay Court
5,65,Tower Lane
5,66,Tower Lane
5,67,Tower Lane
6,68,Tower Lane
6,69,Tower Lane
6,69,Tower Lane
6,70,Tower Lane
6,71,Tower Lane
6,71,Tower Lane
6,72,Tower Lane
7,49,Newmarket Avenue
7,48,Newmarket Avenue
8,47,Newmarket Avenue
4,57,Newmarket Avenue
4,56,Newmarket Avenue
5,55,Newmarket Avenue
5,54,Newmarket Avenue
5,53,Newmarket Avenue
6,52,Newmarket Avenue
6,51,Newmarket Avenue
7,50,Newmarket Avenue
7,49,Newmarket Avenue
21,75,Bridge Street
21,76,Bridge Street
21,76,Bridge Street
21,77,Bridge Street
20,78,Bridge Street
20,79,Bridge Street
19,80,Bridge Street
19,81,Bridge Street
18,82,Bridge Street
18,82,Bridge Street
17,82,Bridge Street
17,82,Bridge Street
23,14,Clare Street
23,15,Clare Street
23,15,Clare Street
23,16,Clare Street
23,17,Clare Street
22,18,Clare Street
22,19,Clare Street
22,20,Clare Street
22,21,Clare Street
21,22,Clare Street
21,23,Clare Street
21,24,Clare Street
2,5,Host Street
2,5,Host Street
3,4,Host Street
3,4,Host Street
3,3,Host Street
4,2,Host Street
4,2,Host Street
5,2,Host Street
6,1,Host Street
6,1,Host Street
6,1,Host Street
7,1,Host Street
8,1,Host Street
9,1,Host Street
10,1,Host Street
11,1,Host Street
11,1,Host Street
11,1,Host Street
3,28,Tower Lane
3,28,Tower Lane
2,29,Tower Lane
2,30,Tower Lane
1,31,Tower Lane
1,31,Tower Lane
1,32,Tower Lane
1,32,Tower Lane
1,33,Tower Lane
1,34,Tower Lane
1,34,Tower Lane
1,35,Tower Lane
1,35,Tower Lane
1,35,Tower Lane
1,36,Tower Lane
1,82,Union Street
1,82,Union Street
24,69,Baldwin Street
24,68,Baldwin Street
24,67,Baldwin Street
24,66,Baldwin Street
24,66,Baldwin Street
24,65,Baldwin Street
24,64,Baldwin Street
24,63,Baldwin Street
25,62,Baldwin Street
25,61,Baldwin Street
25,60,Baldwin Street
25,59,Baldwin Street
25,58,Baldwin Street
25,57,Baldwin Street
26,56,Baldwin Street
26,55,Baldwin Street
26,54,Baldwin Street
26,54,Baldwin Street
26,53,Baldwin Street
26,52,Baldwin Street
26,51,Baldwin Street
26,51,Baldwin Street
26,50,Baldwin Street
26,49,Baldwin Street
26,48,Baldwin Street
27,47,Baldwin Street
27,46,Baldwin Street
27,45,Baldwin Street
27,45,Baldwin Street
27,44,Baldwin Street
27,43,Baldwin Street
27,43,Baldwin Street
27,42,Baldwin Street
27,41,Baldwin Street
27,40,Baldwin Street
27,39,Baldwin Street
27,38,Baldwin Street
27,38,Baldwin Street
27,37,Baldwin Street
27,36,Baldwin Street
27,35,Baldwin Street
14,1,Colston Avenue
13,2,Colston Avenue
12,3,Colston Avenue
11,4,Colston Avenue
10,5,Colston Avenue
9,6,Colston Avenue
9,6,Colston Avenue
9,7,Colston Avenue
8,8,Colston Avenue
8,20,Bell Lane
8,21,Bell Lane
1,8,Host Street
2,7,Host Street
1,8,Christmas Street
1,9,Christmas Street
16,43,Small Street
16,43,Small Street
15,42,Small Street
15,42,Small Street
15,41,Small Street
15,41,Small Street
15,40,Small Street
14,39,Small Street
14,38,Small Street
13,37,Small Street
13,37,Small Street
13,36,Small Street
1,1,Christmas Steps
1,2,Christmas Steps
1,3,Christmas Steps
1,3,Christmas Steps
1,4,Christmas Steps
1,5,Christmas Steps
1,6,Christmas Steps
1,7,Christmas Steps
1,8,Christmas Steps
19,6,Saint Stephens Avenue
19,7,Saint Stephens Avenue
19,8,Saint Stephens Avenue
20,9,Saint Stephens Avenue
20,10,Saint Stephens Avenue
20,10,Saint Stephens Avenue
20,11,Saint Stephens Avenue
21,12,Saint Stephens Avenue
21,12,Saint Stephens Avenue
21,13,Saint Stephens Avenue
21,13,Saint Stephens Avenue
22,14,Saint Stephens Avenue
23,15,Saint Stephens Avenue
1,73,All Saints' Street
1,72,All Saints' Street
1,72,All Saints' Street
1,71,All Saints' Street
1,70,All Saints' Street
1,70,All Saints' Street
1,69,All Saints' Street
1,68,All Saints' Street
1,67,All Saints' Street
1,67,All Saints' Street
1,66,All Saints' Street
1,65,All Saints' Street
1,65,All Saints' Street
1,64,All Saints' Street
1,63,All Saints' Street
1,63,All Saints' Street
1,62,All Saints' Street
1,62,All Saints' Street
1,61,All Saints' Street
1,60,All Saints' Street
1,59,All Saints' Street
1,59,All Saints' Street
1,58,All Saints' Street
1,57,All Saints' Street
1,57,All Saints' Street
1,56,All Saints' Street
1,56,All Saints' Street
1,56,All Saints' Street
18,2,Saint Stephens Avenue
18,3,Saint Stephens Avenue
18,3,Saint Stephens Avenue
18,4,Saint Stephens Avenue
19,5,Saint Stephens Avenue
19,6,Saint Stephens Avenue
2,82,Pithay Court
1,82,Pithay Court
24,82,Hawkins Lane
23,82,Hawkins Lane
22,82,Hawkins Lane
21,82,Hawkins Lane
20,82,Hawkins Lane
19,82,Hawkins Lane
7,17,Quay Street
6,18,Quay Street
6,19,Quay Street
5,20,Quay Street
4,21,Quay Street
4,22,Quay Street
3,23,Quay Street
3,23,Quay Street
2,24,Quay Street
2,24,Quay Street
2,25,Quay Street
11,14,Saint Stephen's Street
11,13,Saint Stephen's Street
11,13,Saint Stephen's Street
12,14,Saint Stephen's Street
12,14,Saint Stephen's Street
12,14,Saint Stephen's Street
13,15,Saint Stephen's Street
13,15,Saint Stephen's Street
13,16,Saint Stephen's Street
13,16,Saint Stephen's Street
14,16,Saint Stephen's Street
14,16,Saint Stephen's Street
15,17,Saint Stephen's Street
15,17,Saint Stephen's Street
16,18,Saint Stephen's Street
16,18,Saint Stephen's Street
17,19,Saint Stephen's Street
17,20,Saint Stephen's Street
18,21,Saint Stephen's Street
19,22,Saint Stephen's Street
19,22,Saint Stephen's Street
19,22,Saint Stephen's Street
20,23,Saint Stephen's Street
21,24,Saint Stephen's Street
13,36,Small Street
13,35,Small Street
12,34,Small Street
12,33,Small Street
11,32,Small Street
11,31,Small Street
11,31,Small Street
11,30,Small Street
11,29,Small Street
10,28,Small Street
10,27,Small Street
10,27,Small Street
10,26,Small Street
9,25,Small Street
9,24,Small Street
9,23,Small Street
9,22,Small Street
8,21,Small Street
8,20,Small Street
20,73,High Street
20,72,High Street
19,71,High Street
19,71,High Street
18,70,High Street
18,69,High Street
17,68,High Street
16,67,High Street
16,67,High Street
16,66,High Street
15,65,High Street
15,65,High Street
14,64,High Street
1,12,Lewins Mead
1,12,Lewins Mead
1,13,Lewins Mead
23,78,High Street
23,77,High Street
22,76,High Street
1,15,Rupert Street
1,15,Rupert Street
1,14,Rupert Street
2,13,Rupert Street
2,13,Rupert Street
3,12,Rupert Street
4,12,Rupert Street
5,11,Rupert Street
5,11,Rupert Street
6,10,Rupert Street
6,10,Rupert Street
7,9,Rupert Street
8,8,Rupert Street
4,8,Centre Gate Passage
4,8,Centre Gate Passage
4,9,Centre Gate Passage
4,10,Centre Gate Passage
2,7,Centre Gate Passage
2,6,Centre Gate Passage
2,6,Centre Gate Passage
2,7,Centre Gate Passage
2,8,Centre Gate Passage
2,8,Centre Gate Passage
3,8,Centre Gate Passage
4,8,Centre Gate Passage
1,9,Christmas Street
1,10,Christmas Street
1,11,Christmas Street
1,12,Christmas Street
26,1,Colston Avenue
25,1,Colston Avenue
24,1,Colston Avenue
24,1,Colston Avenue
23,1,Colston Avenue
22,1,Colston Avenue
22,1,Colston Avenue
21,1,Colston Avenue
20,1,Colston Avenue
19,1,Colston Avenue
19,1,Colston Avenue
18,2,Colston Avenue
16,54,All Saints Court
16,54,All Saints Court
16,55,All Saints Court
16,56,All Saints Court
15,57,All Saints Court
15,58,All Saints Court
15,58,All Saints Court
14,57,All Saints Court
14,57,All Saints Court
14,58,All Saints Court
14,59,All Saints Court
14,60,All Saints Court
13,61,All Saints Court
13,62,All Saints Court
13,63,All Saints Court
13,64,All Saints Court
2,25,Broad Street
2,25,Broad Street
2,26,Broad Street
6,1,Zed Alley
7,2,Zed Alley
7,3,Zed Alley
8,4,Zed Alley
8,5,Zed Alley
9,6,Zed Alley
2,48,Tailor's Court
2,47,Tailor's Court
3,46,Tailor's Court
3,46,Tailor's Court
3,45,Tailor's Court
4,44,Tailor's Court
4,43,Tailor's Court
5,42,Tailor's Court
5,42,Tailor's Court
3,82,Newgate
4,82,Newgate
4,82,Newgate
4,82,Newgate
5,82,Newgate
22,76,High Street
21,75,High Street
21,75,High Street
21,74,High Street
20,73,High Street
20,73,High Street
2,26,Broad Street
3,27,Broad Street
3,27,Broad Street
3,28,Broad Street
3,28,Broad Street
2,25,Quay Street
7,22,Bell Lane
7,23,Bell Lane
6,24,Bell Lane
8,21,Bell Lane
7,22,Bell Lane
6,24,Bell Lane
5,24,Bell Lane
4,25,Bell Lane
4,25,Bell Lane
4,26,Bell Lane
3,27,Bell Lane
3,27,Bell Lane
3,27,Bell Lane
3,28,Bell Lane
8,75,The Pithay
7,74,The Pithay
7,73,The Pithay
6,72,The Pithay
26,82,George's Square
26,82,George's Square
25,82,George's Square
25,82,George's Square
24,82,George's Square
24,82,George's Square
24,82,George's Square
24,82,George's Square
24,82,George's Square
24,82,George's Square
24,82,George's Square
23,82,George's Square
23,82,George's Square
24,82,George's Square
9,19,Leonard Lane
9,20,Leonard Lane
10,19,Leonard Lane
9,19,Leonard Lane
9,20,Leonard Lane
8,20,Leonard Lane
10,27,Back Passage
10,28,Back Passage
9,29,Back Passage
20,27,Saint Nicholas Street
21,28,Saint Nicholas Street
22,29,Saint Nicholas Street
22,29,Saint Nicholas Street
22,30,Saint Nicholas Street
22,31,Saint Nicholas Street
22,31,Saint Nicholas Street
23,32,Saint Nicholas Street
23,32,Saint Nicholas Street
23,33,Saint Nicholas Street
24,34,Saint Nicholas Street
24,34,Saint Nicholas Street
24,35,Saint Nicholas Street
24,36,Saint Nicholas Street
24,36,Saint Nicholas Street
24,37,Saint Nicholas Street
24,38,Saint Nicholas Street
24,38,Saint Nicholas Street
24,39,Saint Nicholas Street
24,39,Saint Nicholas Street
24,40,Saint Nicholas Street
24,41,Saint Nicholas Street
24,41,Saint Nicholas Street
24,42,Saint Nicholas Street
24,43,Saint Nicholas Street
24,44,Saint Nicholas Street
24,45,Saint Nicholas Street
24,46,Saint Nicholas Street
24,47,Saint Nicholas Street
23,48,Saint Nicholas Street
23,49,Saint Nicholas Street
23,50,Saint Nicholas Street
23,51,Saint Nicholas Street
23,52,Saint Nicholas Street
23,53,Saint Nicholas Street
23,53,Saint Nicholas Street
23,54,Saint Nicholas Street
23,55,Saint Nicholas Street
23,78,Bristol Bridge
1,82,Pithay Court
20,27,Leonard Lane
20,26,Leonard Lane
20,26,Leonard Lane
19,25,Leonard Lane
2,5,Host Street
2,4,Host Street
2,3,Host Street
17,82,Castle Bridge
16,82,Castle Bridge
16,82,Castle Bridge
16,82,Castle Bridge
16,82,Castle Bridge
16,82,Castle Bridge
15,82,Castle Bridge
15,82,Castle Bridge
15,82,Castle Bridge
15,82,Castle Bridge
15,82,Castle Bridge
15,82,Castle Bridge
14,82,Castle Bridge
14,82,Castle Bridge
14,82,Castle Bridge
14,82,Castle Bridge
14,82,Castle Bridge
14,82,Castle Bridge
14,82,Castle Bridge
14,82,Castle Bridge
13,82,Castle Bridge
13,82,Castle Bridge
13,82,Castle Bridge
13,82,Castle Bridge
13,82,Castle Bridge
12,82,Castle Bridge
12,82,Castle Bridge
12,82,Castle Bridge
11,82,Castle Bridge
11,82,Castle Bridge
11,82,Castle Bridge
21,24,Corn Street
21,25,Corn Street
20,26,Corn Street
20,27,Corn Street
18,82,Grimes Lane
18,82,Grimes Lane
19,82,Grimes Lane
20,82,Grimes Lane
21,82,Grimes Lane
22,82,Grimes Lane
23,82,Grimes Lane
24,82,Grimes Lane
24,82,Grimes Lane
25,82,Grimes Lane
17,82,Hawkins Lane
17,82,Hawkins Lane
19,82,Hawkins Lane
18,82,Hawkins Lane
17,82,Hawkins Lane
23,78,Bristol Bridge
23,79,Bristol Bridge
18,57,All Saints' Lane
17,56,All Saints' Lane
16,55,All Saints' Lane
16,55,All Saints' Lane
16,54,All Saints' Lane
16,54,All Saints' Lane
15,53,All Saints' Lane
15,52,All Saints' Lane
14,51,All Saints' Lane
19,59,All Saints' Lane
18,58,All Saints' Lane
18,58,All Saints' Lane
18,57,All Saints' Lane
24,69,High Street
24,70,High Street
23,71,High Street
23,72,High Street
23,72,High Street
23,73,High Street
22,74,High Street
22,74,High Street
22,74,High Street
22,74,High Street
21,75,High Street
17,1,Colston Avenue
17,2,Colston Avenue
17,2,Colston Avenue
17,2,Colston Avenue
18,2,Colston Avenue
18,2,Colston Avenue
18,2,Colston Avenue
18,2,Colston Avenue
18,1,Colston Avenue
18,1,Colston Avenue
18,1,Colston Avenue
17,1,Colston Avenue
17,1,Colston Avenue
8,20,Small Street
8,19,Small Street
8,18,Small Street
8,17,Small Street
8,17,Small Street
7,17,Small Street
7,17,Small Street
16,1,Colston Avenue
17,1,Colston Avenue
17,1,Colston Avenue
24,53,Market Steps
23,53,Market Steps
23,53,Market Steps
1,82,Fairfax Street
1,82,Fairfax Street
1,82,Fairfax Street
1,82,Fairfax Street
2,82,Newgate
1,82,Newgate
5,41,Tailor's Court
6,40,Tailor's Court
5,42,Tailor's Court
5,41,Tailor's Court
13,64,High Street
13,64,High Street
14,65,High Street
14,65,High Street
14,64,High Street
13,64,High Street
13,64,High Street
12,64,High Street
14,64,High Street
14,64,High Street
13,63,High Street
13,63,High Street
13,64,High Street
2,82,Newgate
3,82,Newgate
19,82,Old Porter Street
18,82,Old Porter Street
23,79,Bristol Bridge
7,17,Small Street
7,17,Small Street
1,82,Newgate
1,82,Newgate
1,45,Tower Lane
1,46,Tower Lane
1,46,Tower Lane
1,47,Tower Lane
1,48,Tower Lane
1,49,Tower Lane
1,50,Tower Lane
1,51,Tower Lane
1,51,Tower Lane
1,52,Tower Lane
1,53,Tower Lane
1,53,Tower Lane
1,54,Tower Lane
2,55,Tower Lane
2,56,Tower Lane
2,56,Tower Lane
2,57,Tower Lane
3,58,Tower Lane
3,58,Tower Lane
3,59,Tower Lane
3,60,Tower Lane
4,61,Tower Lane
4,62,Tower Lane
4,62,Tower Lane
4,63,Tower Lane
5,64,Tower Lane
5,65,Tower Lane
